stage,capture,source_commit,benchmark_id,metric,mean,relative_std_dev,quality,trust_class,correctness,allocations_per_op,allocated_bytes_per_op,peak_rss_bytes
before,kv,12707d8b6e6ed6cf8e2a911fc1c2693ba532c4c0,tier4-kv-gate/tier4_kv_gate::should_measure_memory_tcp_sync_commit/memory_tcp_sync_commit,throughput,8337.967738943975,0.04662116364931402,acceptable,gate,True,,,45432832
before,kv,12707d8b6e6ed6cf8e2a911fc1c2693ba532c4c0,tier4-kv-gate/tier4_kv_gate::should_measure_memory_tcp_sync_commit/memory_tcp_sync_commit_latency,latency_p95,185507.58,0.11028484475831526,noisy,diagnostic,True,,,45432832
before,lease,12707d8b6e6ed6cf8e2a911fc1c2693ba532c4c0,tier4-lease-gate/tier4_lease_gate::should_measure_tcp_acquire_release_lifecycle/tcp_acquire_release_lifecycle,throughput,14789.853219133161,0.020087293736540234,acceptable,gate,True,,,44138496
before,lease,12707d8b6e6ed6cf8e2a911fc1c2693ba532c4c0,tier4-lease-gate/tier4_lease_gate::should_measure_tcp_acquire_release_lifecycle/tcp_acquire_release_lifecycle_latency,latency_p95,107435.6,0.1185591464497695,noisy,diagnostic,True,,,44138496
before,notice,12707d8b6e6ed6cf8e2a911fc1c2693ba532c4c0,tier4-notice-publish/tier4_notice_publish::should_measure_tcp_delivery_confirmed_publish/tcp_delivery_confirmed_publish,throughput,22734.373205563323,0.04438118962999081,acceptable,gate,True,,,44695552
before,notice,12707d8b6e6ed6cf8e2a911fc1c2693ba532c4c0,tier4-notice-publish/tier4_notice_publish::should_measure_tcp_delivery_confirmed_publish/tcp_delivery_confirmed_publish_latency,latency_p95,68012.01000000001,0.10206097188560942,noisy,diagnostic,True,,,44695552
before,queue,12707d8b6e6ed6cf8e2a911fc1c2693ba532c4c0,tier4-queue-gate/tier4_queue_gate::should_measure_memory_tcp_queue_lifecycle/memory_tcp_queue_lifecycle,throughput,5714.355187548322,0.051240428671213235,acceptable,gate,True,,,53526528
before,rpc,12707d8b6e6ed6cf8e2a911fc1c2693ba532c4c0,tier4-rpc-roundtrip/tier4_rpc_roundtrip::should_measure_tcp_request_response_roundtrip/tcp_request_response_roundtrip,throughput,12527.496204488174,0.038750312816543044,acceptable,gate,True,,,45613056
before,rpc,12707d8b6e6ed6cf8e2a911fc1c2693ba532c4c0,tier4-rpc-roundtrip/tier4_rpc_roundtrip::should_measure_tcp_request_response_roundtrip/tcp_request_response_roundtrip_latency,latency_p95,116517.42,0.0883086638432956,acceptable,gate,True,,,45613056
before,schedule,12707d8b6e6ed6cf8e2a911fc1c2693ba532c4c0,tier4-schedule-lifecycle/tier4_schedule_lifecycle::should_measure_memory_tcp_delivery_confirmed_lifecycle/memory_tcp_delivery_confirmed_schedule_lifecycle,throughput,4985.952521918085,0.2675308880497892,noisy,diagnostic,True,,,58359808
before,schedule,12707d8b6e6ed6cf8e2a911fc1c2693ba532c4c0,tier4-schedule-lifecycle/tier4_schedule_lifecycle::should_measure_memory_tcp_delivery_confirmed_lifecycle/memory_tcp_delivery_confirmed_schedule_lifecycle_latency,latency_p95,274072.33999999997,0.1634303979038521,noisy,diagnostic,True,,,58359808
before,stream,12707d8b6e6ed6cf8e2a911fc1c2693ba532c4c0,tier4-stream-gate/tier4_stream_gate::should_measure_memory_tcp_sync_write_lifecycle/memory_tcp_sync_write_lifecycle,throughput,2141.4134267759678,0.8872036803858481,noisy,diagnostic,True,,,54083584
before,stream,12707d8b6e6ed6cf8e2a911fc1c2693ba532c4c0,tier4-stream-gate/tier4_stream_gate::should_measure_memory_tcp_sync_write_lifecycle/memory_tcp_sync_write_lifecycle_latency,latency_p95,7261173.979999997,1.329343747936055,noisy,diagnostic,True,,,54083584
before,indexed_1,12707d8b6e6ed6cf8e2a911fc1c2693ba532c4c0,tier1-hotpath-matcher/tier1_hotpath_matcher::should_match_indexed_double_star_suffix/indexed_double_star_suffix,ns_per_op,183.66120152791342,0.3178093437345453,untrustworthy,invalid,True,2.0,8.0,6995968
before,indexed_1,12707d8b6e6ed6cf8e2a911fc1c2693ba532c4c0,tier1-hotpath-matcher/tier1_hotpath_matcher::should_match_indexed_multiple_double_star_suffixes/indexed_multiple_double_star_suffixes,ns_per_op,329.7228221978081,0.2777592587707283,untrustworthy,invalid,True,5.0,30.0,7258112
before,indexed_2,12707d8b6e6ed6cf8e2a911fc1c2693ba532c4c0,tier1-hotpath-matcher/tier1_hotpath_matcher::should_match_indexed_double_star_suffix/indexed_double_star_suffix,ns_per_op,96.09748497009278,0.03185316752617062,untrustworthy,invalid,True,2.0,8.0,7012352
before,indexed_2,12707d8b6e6ed6cf8e2a911fc1c2693ba532c4c0,tier1-hotpath-matcher/tier1_hotpath_matcher::should_match_indexed_multiple_double_star_suffixes/indexed_multiple_double_star_suffixes,ns_per_op,163.52685470581054,0.08617730885736881,untrustworthy,invalid,True,5.0,30.0,7323648
before,indexed_3,12707d8b6e6ed6cf8e2a911fc1c2693ba532c4c0,tier1-hotpath-matcher/tier1_hotpath_matcher::should_match_indexed_double_star_suffix/indexed_double_star_suffix,ns_per_op,94.95305938720703,0.008909607391433158,untrustworthy,invalid,True,2.0,8.0,7012352
before,indexed_3,12707d8b6e6ed6cf8e2a911fc1c2693ba532c4c0,tier1-hotpath-matcher/tier1_hotpath_matcher::should_match_indexed_multiple_double_star_suffixes/indexed_multiple_double_star_suffixes,ns_per_op,151.42643859863284,0.044011062229112226,untrustworthy,invalid,True,5.0,30.0,7323648
before,notice_suffix_1,12707d8b6e6ed6cf8e2a911fc1c2693ba532c4c0,tier2-subsystem-notice/tier2_subsystem_notice::should_publish_double_star_suffix_16_subscribers/publish_double_star_suffix_16_subscribers,throughput,2187483.4093817296,0.013681822402015334,acceptable,gate,True,,,43728896
before,notice_suffix_2,12707d8b6e6ed6cf8e2a911fc1c2693ba532c4c0,tier2-subsystem-notice/tier2_subsystem_notice::should_publish_double_star_suffix_16_subscribers/publish_double_star_suffix_16_subscribers,throughput,2418332.698961314,0.017185436511488666,acceptable,gate,True,,,43630592
before,notice_suffix_3,12707d8b6e6ed6cf8e2a911fc1c2693ba532c4c0,tier2-subsystem-notice/tier2_subsystem_notice::should_publish_double_star_suffix_16_subscribers/publish_double_star_suffix_16_subscribers,throughput,2482352.686709618,0.013295981760517587,acceptable,gate,True,,,43696128
before,kv_scan_1,12707d8b6e6ed6cf8e2a911fc1c2693ba532c4c0,tier3-system-kv/tier3_system_kv::should_scan_1000_committed_keys/scan_1000_committed_keys,throughput,8497200.13121296,0.015739661766395793,acceptable,gate,True,,,13025280
before,kv_scan_2,12707d8b6e6ed6cf8e2a911fc1c2693ba532c4c0,tier3-system-kv/tier3_system_kv::should_scan_1000_committed_keys/scan_1000_committed_keys,throughput,6696481.912274783,0.3659281510883763,noisy,diagnostic,True,,,13369344
before,kv_scan_3,12707d8b6e6ed6cf8e2a911fc1c2693ba532c4c0,tier3-system-kv/tier3_system_kv::should_scan_1000_committed_keys/scan_1000_committed_keys,throughput,5308513.332635636,0.10657974835302497,noisy,diagnostic,True,,,13172736
before,schedule_fanout_1,12707d8b6e6ed6cf8e2a911fc1c2693ba532c4c0,tier2-subsystem-schedule-fire/tier2_subsystem_schedule_fire::should_publish_exact_route_100_subscribers/publish_exact_route_100_subscribers,throughput,6360260.068214683,0.01741405079263472,acceptable,gate,True,,,44318720
before,schedule_fanout_2,12707d8b6e6ed6cf8e2a911fc1c2693ba532c4c0,tier2-subsystem-schedule-fire/tier2_subsystem_schedule_fire::should_publish_exact_route_100_subscribers/publish_exact_route_100_subscribers,throughput,6345078.7210660875,0.012223368106450227,acceptable,gate,True,,,44154880
before,schedule_fanout_3,12707d8b6e6ed6cf8e2a911fc1c2693ba532c4c0,tier2-subsystem-schedule-fire/tier2_subsystem_schedule_fire::should_publish_exact_route_100_subscribers/publish_exact_route_100_subscribers,throughput,6374541.301580542,0.009866975673096455,acceptable,gate,True,,,44220416
after,kv,bd6327dd57d79bcfdc77d1cf2ef29976ba427098,tier4-kv-gate/tier4_kv_gate::should_measure_memory_tcp_sync_commit/memory_tcp_sync_commit,throughput,7635.255726545869,0.21215062732010276,noisy,diagnostic,True,,,45891584
after,kv,bd6327dd57d79bcfdc77d1cf2ef29976ba427098,tier4-kv-gate/tier4_kv_gate::should_measure_memory_tcp_sync_commit/memory_tcp_sync_commit_latency,latency_p95,195958.66999999998,0.31886797316808435,noisy,diagnostic,True,,,45891584
after,lease,bd6327dd57d79bcfdc77d1cf2ef29976ba427098,tier4-lease-gate/tier4_lease_gate::should_measure_tcp_acquire_release_lifecycle/tcp_acquire_release_lifecycle,throughput,13773.44611572836,0.23372587748704152,noisy,diagnostic,True,,,44531712
after,lease,bd6327dd57d79bcfdc77d1cf2ef29976ba427098,tier4-lease-gate/tier4_lease_gate::should_measure_tcp_acquire_release_lifecycle/tcp_acquire_release_lifecycle_latency,latency_p95,104503.30999999998,0.26883946495742805,noisy,diagnostic,True,,,44531712
after,notice,bd6327dd57d79bcfdc77d1cf2ef29976ba427098,tier4-notice-publish/tier4_notice_publish::should_measure_tcp_delivery_confirmed_publish/tcp_delivery_confirmed_publish,throughput,20536.768389700293,0.516876932843518,noisy,diagnostic,True,,,45219840
after,notice,bd6327dd57d79bcfdc77d1cf2ef29976ba427098,tier4-notice-publish/tier4_notice_publish::should_measure_tcp_delivery_confirmed_publish/tcp_delivery_confirmed_publish_latency,latency_p95,404773.82,1.858507653292859,noisy,diagnostic,True,,,45219840
after,queue,bd6327dd57d79bcfdc77d1cf2ef29976ba427098,tier4-queue-gate/tier4_queue_gate::should_measure_memory_tcp_queue_lifecycle/memory_tcp_queue_lifecycle,throughput,6570.763769828164,0.009927805751424362,acceptable,gate,True,,,54919168
after,rpc,bd6327dd57d79bcfdc77d1cf2ef29976ba427098,tier4-rpc-roundtrip/tier4_rpc_roundtrip::should_measure_tcp_request_response_roundtrip/tcp_request_response_roundtrip,throughput,15145.945887862425,0.00459396540334127,acceptable,gate,True,,,46071808
after,rpc,bd6327dd57d79bcfdc77d1cf2ef29976ba427098,tier4-rpc-roundtrip/tier4_rpc_roundtrip::should_measure_tcp_request_response_roundtrip/tcp_request_response_roundtrip_latency,latency_p95,87830.87999999995,0.04642843976423649,acceptable,gate,True,,,46071808
after,schedule,bd6327dd57d79bcfdc77d1cf2ef29976ba427098,tier4-schedule-lifecycle/tier4_schedule_lifecycle::should_measure_memory_tcp_delivery_confirmed_lifecycle/memory_tcp_delivery_confirmed_schedule_lifecycle,throughput,7256.29404982431,0.015621461538183183,acceptable,gate,True,,,57966592
after,schedule,bd6327dd57d79bcfdc77d1cf2ef29976ba427098,tier4-schedule-lifecycle/tier4_schedule_lifecycle::should_measure_memory_tcp_delivery_confirmed_lifecycle/memory_tcp_delivery_confirmed_schedule_lifecycle_latency,latency_p95,207533.74999999994,0.03071759399439648,acceptable,gate,True,,,57966592
after,stream,bd6327dd57d79bcfdc77d1cf2ef29976ba427098,tier4-stream-gate/tier4_stream_gate::should_measure_memory_tcp_sync_write_lifecycle/memory_tcp_sync_write_lifecycle,throughput,4464.32748696168,0.2841940476382906,noisy,diagnostic,True,,,59047936
after,stream,bd6327dd57d79bcfdc77d1cf2ef29976ba427098,tier4-stream-gate/tier4_stream_gate::should_measure_memory_tcp_sync_write_lifecycle/memory_tcp_sync_write_lifecycle_latency,latency_p95,264626.6499999999,0.29754486622460025,noisy,diagnostic,True,,,59047936
after,indexed_1,bd6327dd57d79bcfdc77d1cf2ef29976ba427098,tier1-hotpath-matcher/tier1_hotpath_matcher::should_match_indexed_double_star_suffix/indexed_double_star_suffix,ns_per_op,170.64509879218207,0.7490377978351075,noisy,diagnostic,True,0.0,0.0,6963200
after,indexed_1,bd6327dd57d79bcfdc77d1cf2ef29976ba427098,tier1-hotpath-matcher/tier1_hotpath_matcher::should_match_indexed_multiple_double_star_suffixes/indexed_multiple_double_star_suffixes,ns_per_op,526.4349639892578,1.0785722829317386,noisy,diagnostic,True,0.0,0.0,7208960
after,indexed_2,bd6327dd57d79bcfdc77d1cf2ef29976ba427098,tier1-hotpath-matcher/tier1_hotpath_matcher::should_match_indexed_double_star_suffix/indexed_double_star_suffix,ns_per_op,76.97375564575195,0.017999990350565282,acceptable,gate,True,0.0,0.0,6914048
after,indexed_2,bd6327dd57d79bcfdc77d1cf2ef29976ba427098,tier1-hotpath-matcher/tier1_hotpath_matcher::should_match_indexed_multiple_double_star_suffixes/indexed_multiple_double_star_suffixes,ns_per_op,139.6284747392703,0.1526429897602996,noisy,diagnostic,True,0.0,0.0,7208960
after,indexed_3,bd6327dd57d79bcfdc77d1cf2ef29976ba427098,tier1-hotpath-matcher/tier1_hotpath_matcher::should_match_indexed_double_star_suffix/indexed_double_star_suffix,ns_per_op,81.68719596862793,0.05533641341473519,acceptable,gate,True,0.0,0.0,6914048
after,indexed_3,bd6327dd57d79bcfdc77d1cf2ef29976ba427098,tier1-hotpath-matcher/tier1_hotpath_matcher::should_match_indexed_multiple_double_star_suffixes/indexed_multiple_double_star_suffixes,ns_per_op,174.68479338248014,0.3247053935026622,noisy,diagnostic,True,0.0,0.0,7143424
after,notice_suffix_1,bd6327dd57d79bcfdc77d1cf2ef29976ba427098,tier2-subsystem-notice/tier2_subsystem_notice::should_publish_double_star_suffix_16_subscribers/publish_double_star_suffix_16_subscribers,throughput,2336852.986047702,0.08309937365210623,acceptable,gate,True,,,44089344
after,notice_suffix_2,bd6327dd57d79bcfdc77d1cf2ef29976ba427098,tier2-subsystem-notice/tier2_subsystem_notice::should_publish_double_star_suffix_16_subscribers/publish_double_star_suffix_16_subscribers,throughput,2033712.1207286213,0.1852989303418902,noisy,diagnostic,True,,,43827200
after,notice_suffix_3,bd6327dd57d79bcfdc77d1cf2ef29976ba427098,tier2-subsystem-notice/tier2_subsystem_notice::should_publish_double_star_suffix_16_subscribers/publish_double_star_suffix_16_subscribers,throughput,2454110.231216011,0.05245466874540395,acceptable,gate,True,,,43810816
after,kv_scan_1,bd6327dd57d79bcfdc77d1cf2ef29976ba427098,tier3-system-kv/tier3_system_kv::should_scan_1000_committed_keys/scan_1000_committed_keys,throughput,8745182.633825596,0.053988945866192226,acceptable,gate,True,,,13484032
after,kv_scan_2,bd6327dd57d79bcfdc77d1cf2ef29976ba427098,tier3-system-kv/tier3_system_kv::should_scan_1000_committed_keys/scan_1000_committed_keys,throughput,9444856.349955635,0.015871393201641625,acceptable,gate,True,,,12779520
after,kv_scan_3,bd6327dd57d79bcfdc77d1cf2ef29976ba427098,tier3-system-kv/tier3_system_kv::should_scan_1000_committed_keys/scan_1000_committed_keys,throughput,9115442.16036944,0.011845685477029444,acceptable,gate,True,,,12763136
after,schedule_fanout_1,bd6327dd57d79bcfdc77d1cf2ef29976ba427098,tier2-subsystem-schedule-fire/tier2_subsystem_schedule_fire::should_publish_exact_route_100_subscribers/publish_exact_route_100_subscribers,throughput,7979510.45313032,0.02008071192069242,acceptable,gate,True,,,44285952
after,schedule_fanout_2,bd6327dd57d79bcfdc77d1cf2ef29976ba427098,tier2-subsystem-schedule-fire/tier2_subsystem_schedule_fire::should_publish_exact_route_100_subscribers/publish_exact_route_100_subscribers,throughput,7665646.742265277,0.05793830818179874,acceptable,gate,True,,,44302336
after,schedule_fanout_3,bd6327dd57d79bcfdc77d1cf2ef29976ba427098,tier2-subsystem-schedule-fire/tier2_subsystem_schedule_fire::should_publish_exact_route_100_subscribers/publish_exact_route_100_subscribers,throughput,7889367.248507025,0.029143363297056246,acceptable,gate,True,,,44302336
paired,kv_scan_1-after,bd6327dd57d79bcfdc77d1cf2ef29976ba427098,tier3-system-kv/tier3_system_kv::should_scan_1000_committed_keys/scan_1000_committed_keys,throughput,9212795.760157064,0.02139883948426271,acceptable,gate,True,,,12959744
paired,kv_scan_1-before,12707d8b6e6ed6cf8e2a911fc1c2693ba532c4c0,tier3-system-kv/tier3_system_kv::should_scan_1000_committed_keys/scan_1000_committed_keys,throughput,8628403.86086097,0.006654551409326776,acceptable,gate,True,,,12664832
paired,kv_scan_2-after,bd6327dd57d79bcfdc77d1cf2ef29976ba427098,tier3-system-kv/tier3_system_kv::should_scan_1000_committed_keys/scan_1000_committed_keys,throughput,9543874.381708244,0.010087641414011994,acceptable,gate,True,,,12910592
paired,kv_scan_2-before,12707d8b6e6ed6cf8e2a911fc1c2693ba532c4c0,tier3-system-kv/tier3_system_kv::should_scan_1000_committed_keys/scan_1000_committed_keys,throughput,8383777.997942557,0.014913920104289765,acceptable,gate,True,,,12910592
paired,kv_scan_3-after,bd6327dd57d79bcfdc77d1cf2ef29976ba427098,tier3-system-kv/tier3_system_kv::should_scan_1000_committed_keys/scan_1000_committed_keys,throughput,9169146.03213099,0.005748417072837346,acceptable,gate,True,,,13008896
paired,kv_scan_3-before,12707d8b6e6ed6cf8e2a911fc1c2693ba532c4c0,tier3-system-kv/tier3_system_kv::should_scan_1000_committed_keys/scan_1000_committed_keys,throughput,8378633.00909397,0.009661684755438719,acceptable,gate,True,,,13025280
paired,notice_suffix_1-after,bd6327dd57d79bcfdc77d1cf2ef29976ba427098,tier2-subsystem-notice/tier2_subsystem_notice::should_publish_double_star_suffix_16_subscribers/publish_double_star_suffix_16_subscribers,throughput,2653111.603291858,0.005212221077145597,acceptable,gate,True,,,43859968
paired,notice_suffix_1-before,12707d8b6e6ed6cf8e2a911fc1c2693ba532c4c0,tier2-subsystem-notice/tier2_subsystem_notice::should_publish_double_star_suffix_16_subscribers/publish_double_star_suffix_16_subscribers,throughput,2180248.1146020703,0.03282204675223334,acceptable,gate,True,,,43679744
paired,notice_suffix_2-after,bd6327dd57d79bcfdc77d1cf2ef29976ba427098,tier2-subsystem-notice/tier2_subsystem_notice::should_publish_double_star_suffix_16_subscribers/publish_double_star_suffix_16_subscribers,throughput,2747884.271420697,0.0065052391134583715,acceptable,gate,True,,,43728896
paired,notice_suffix_2-before,12707d8b6e6ed6cf8e2a911fc1c2693ba532c4c0,tier2-subsystem-notice/tier2_subsystem_notice::should_publish_double_star_suffix_16_subscribers/publish_double_star_suffix_16_subscribers,throughput,2563355.803275302,0.007332937511132591,acceptable,gate,True,,,43761664
paired,notice_suffix_3-after,bd6327dd57d79bcfdc77d1cf2ef29976ba427098,tier2-subsystem-notice/tier2_subsystem_notice::should_publish_double_star_suffix_16_subscribers/publish_double_star_suffix_16_subscribers,throughput,2621076.6159164687,0.007168784557002307,acceptable,gate,True,,,44007424
paired,notice_suffix_3-before,12707d8b6e6ed6cf8e2a911fc1c2693ba532c4c0,tier2-subsystem-notice/tier2_subsystem_notice::should_publish_double_star_suffix_16_subscribers/publish_double_star_suffix_16_subscribers,throughput,2636084.9754459304,0.010814151987795296,acceptable,gate,True,,,43810816
paired,schedule_fanout_1-after,bd6327dd57d79bcfdc77d1cf2ef29976ba427098,tier2-subsystem-schedule-fire/tier2_subsystem_schedule_fire::should_publish_exact_route_100_subscribers/publish_exact_route_100_subscribers,throughput,5464245.705384957,0.17480977591570934,noisy,diagnostic,True,,,44253184
paired,schedule_fanout_1-before,12707d8b6e6ed6cf8e2a911fc1c2693ba532c4c0,tier2-subsystem-schedule-fire/tier2_subsystem_schedule_fire::should_publish_exact_route_100_subscribers/publish_exact_route_100_subscribers,throughput,5908912.449901521,0.06829651200255994,acceptable,gate,True,,,44318720
paired,schedule_fanout_2-after,bd6327dd57d79bcfdc77d1cf2ef29976ba427098,tier2-subsystem-schedule-fire/tier2_subsystem_schedule_fire::should_publish_exact_route_100_subscribers/publish_exact_route_100_subscribers,throughput,6178217.110889351,0.021236353249724716,acceptable,gate,True,,,44384256
paired,schedule_fanout_2-before,12707d8b6e6ed6cf8e2a911fc1c2693ba532c4c0,tier2-subsystem-schedule-fire/tier2_subsystem_schedule_fire::should_publish_exact_route_100_subscribers/publish_exact_route_100_subscribers,throughput,5609785.045528973,0.08342630534513684,acceptable,gate,True,,,44351488
paired,schedule_fanout_3-after,bd6327dd57d79bcfdc77d1cf2ef29976ba427098,tier2-subsystem-schedule-fire/tier2_subsystem_schedule_fire::should_publish_exact_route_100_subscribers/publish_exact_route_100_subscribers,throughput,7890238.300470305,0.03859754475825964,acceptable,gate,True,,,44302336
paired,schedule_fanout_3-before,12707d8b6e6ed6cf8e2a911fc1c2693ba532c4c0,tier2-subsystem-schedule-fire/tier2_subsystem_schedule_fire::should_publish_exact_route_100_subscribers/publish_exact_route_100_subscribers,throughput,4119417.637579278,0.6999202481660413,noisy,diagnostic,True,,,44285952
